XANTHUS,XAVIER,XEROX,XENIX,XENIX,XEROXED,XEBEC,XENIX,XERXES
XEROXES,XAVIER,XENIA,XENIA,XEBEC,XEROXING,XENIA,XEBEC,XEROX
XENAKIS,XEROXED,XEROXING,XENAKIS,XEROXED,XEBEC,XEROXING,XENIA,XANTHUS
XHOSA,XEROX,XEROX,XEROX,XENIA,XEROXING,XENIA,XENIX,XEROX
XENIX,XENIA,XENIX,XAVIER,XEROXES,XEROXED,XEROX,XENIA,XANTHUS
XENAKIS,XENAKIS,XHOSA,XEROXED,XHOSA,XEBEC,XEBEC,XEBEC,XAVIER
XEROXED,XAVIER,XEROXES,XHOSA,XEROXES,XENIX,XEROXING,XENAKIS,XEBEC
XHOSA,XERXES,XEROXES,XERXES,XENIA,XEROXING,XEBEC,XHOSA,XHOSA
XENIX,XHOSA,XEBEC,XAVIER,XAVIER,XENAKIS,XENAKIS,XEROX,XEBEC
XENIX,XEBEC,XENIA,XEROXED,XERXES,XHOSA,XEROX,XHOSA,XAVIER
XENIA,XAVIER,XANTHUS,XAVIER,XENIA,XAVIER,XANTHUS,XENAKIS,XENAKIS
XHOSA,XEBEC,XENIA,XANTHUS,XENIA,XEBEC,XEROX,XEROXING,XEROXING
XENIA,XEBEC,XERXES,XEROXES,XENIX,XANTHUS,XEROX,XENAKIS,XEROX
XEROXING,XERXES,XHOSA,XEROXING,XEROX,XEROXING,XEROX,XEBEC,XEROX
XENAKIS,XENIA,XENAKIS,XEROXES,XAVIER,XEBEC,XEROX,XANTHUS,XENAKIS
XAVIER,XERXES,XENIX,XHOSA,XAVIER,XENIX,XENIX,XHOSA,XAVIER
XHOSA,XEROXES,XANTHUS,XEROXES,XENIX,XEROXING,XERXES,XEROX,XAVIER
XEROXED,XERXES,XANTHUS,XEROXES,XENIA,XENIX,XEBEC,XANTHUS,XEROX
XAVIER,XENIA,XHOSA,XENAKIS,XEROXED,XENIX,XEROXES,XEROXING,XEBEC
XEROXING,XENAKIS,XENIA,XAVIER,XHOSA,XHOSA,XENAKIS,XERXES,XAVIER
XENIA,XEROXING,XEROXES,XHOSA,XERXES,XENIA,XEROXES,XAVIER,XENAKIS
XHOSA,XHOSA,XAVIER,XENIX,XHOSA,XHOSA,XEROX,XHOSA,XERXES
XENIA,XANTHUS,XHOSA,XAVIER,XEROX,XEROXING,XEROXING,XEROXING,XENIX
XENAKIS,XAVIER,XENAKIS,XEROXED,XANTHUS,XEROXING,XEROX,XANTHUS,XENIX
XENIX,XENAKIS,XEROXED,XANTHUS,XENAKIS,XENIA,XANTHUS,XENAKIS,XAVIER
XERXES,XEROXED,XANTHUS,XENIA,XANTHUS,XANTHUS,XAVIER,XERXES,XAVIER
XEROX,XEROXES,XENAKIS,XEROXED,XAVIER,XEROX,XAVIER,XEROXED,XEROX
XEROXES,XANTHUS,XHOSA,XENAKIS,XHOSA,XENAKIS,XEROX,XEBEC,XEROXES
XENIX,XEROX,XHOSA,XAVIER,XAVIER,XERXES,XENIA,XEROXES,XEROXED
XENIX,XEROX,XEBEC,XENAKIS,XEBEC,XANTHUS,XEROXED,XERXES,XAVIER
XEROXING,XENIX,XERXES,XHOSA,XHOSA,XEROXED,XERXES,XEBEC,XEROXED
XEROX,XEROX,XANTHUS,XENIX,XERXES,XHOSA,XENAKIS,XEROX,XHOSA
XERXES,XENIA,XENIX,XENIX,XENAKIS,XERXES,XENAKIS,XANTHUS,XEROX
XHOSA,XEROXING,XENAKIS,XEBEC,XEROX,XENIX,XEROXING,XEROXES,XENIA
XEROXED,XENAKIS,XEROXED,XENIX,XEBEC,XEROXED,XANTHUS,XHOSA,XHOSA
XENIX,XENAKIS,XEROX,XENIX,XEBEC,XANTHUS,XEROXES,XHOSA,XENAKIS
XEROXED,XEROXED,XAVIER,XEROXED,XEROXED,XENIA,XEROXES,XEBEC,XEROXES
XEROXED,XEROXED,XENAKIS,XENIX,XEBEC,XERXES,XERXES,XENIA,XEROXES
XEROX,XENIX,XEBEC,XENIA,XENIA,XENAKIS,XENIX,XHOSA,XEBEC
XEROXES,XANTHUS,XEROXED,XENIX,XHOSA,XEROXING,XENIA,XEROXES,XEBEC
XEROXES,XEROXES,XEBEC,XEROXED,XEROXES,XENAKIS,XENIX,XAVIER,XEBEC
XEROXING,XEROXED,XEROXING,XEROX,XEROXED,XEROXING,XEROXES,XANTHUS,XENAKIS
XENAKIS,XENAKIS,XENIA,XHOSA,XAVIER,XAVIER,XEROXES,XANTHUS,XEROX
XEROX,XEROXING,XANTHUS,XEROXING,XEROXED,XEROXING,XAVIER,XEROXES,XHOSA
XEROXES,XEROX,XENAKIS,XENIA,XENIX,XERXES,XERXES,XEBEC,XENIA
XENAKIS,XENIA,XENIA,XANTHUS,XENAKIS,XENIX,XERXES,XENAKIS,XEROXING
XHOSA,XEROXED,XANTHUS,XANTHUS,XERXES,XERXES,XEROXES,XENIX,XEROXING
XEROXING,XEROXED,XEROX,XENIA,XENIA,XANTHUS,XENAKIS,XEROXED,XEBEC
XENIX,XANTHUS,XEROX,XEBEC,XANTHUS,XENIA,XHOSA,XENIA,XAVIER
XEROXES,XEROXING,XENIA,XHOSA,XEBEC,XERXES,XANTHUS,XEROX,XEROX
XEROXING,XENIX,XEBEC,XEBEC,XEROXED,XHOSA,XANTHUS,XEBEC,XAVIER
XEROXED,XEROXES,XEROXING,XENAKIS,XEROXING,XANTHUS,XERXES,XENIA,XEROX
XHOSA,XENAKIS,XEROXED,XEROX,XANTHUS,XANTHUS,XHOSA,XERXES,XEBEC
XANTHUS,XEROXING,XENIX,XEROXES,XAVIER,XENIA,XEBEC,XEROX,XAVIER
XEROXES,XAVIER,XEROXING,XAVIER,XHOSA,XENAKIS,XANTHUS,XENIX,XENAKIS
XEBEC,XENIX,XEBEC,XEROX,XEROXED,XEROXES,XEROX,XEROXES,XENAKIS
XERXES,XEROXES,XEROX,XEROXED,XERXES,XHOSA,XEROX,XEROXES,XEBEC
XEROXED,XENAKIS,XEROX,XEROX,XERXES,XANTHUS,XEROXES,XEROXING,XERXES
XENIX,XENIA,XEBEC,XEROX,XENAKIS,XEBEC,XAVIER,XEROXES,XEROXED
XENAKIS,XEROXES,XAVIER,XENIX,XENIA,XAVIER,XENIX,XEROX,XENAKIS
XENIA,XEROXES,XEROXES,XEROX,XEROXED,XEROX,XANTHUS,XEBEC,XENIA
XEROXES,XEBEC,XAVIER,XEROXING,XAVIER,XANTHUS,XEROX,XHOSA,XENIX
XERXES,XENIA,XENIX,XEROXING,XERXES,XAVIER,XEROXED,XENIX,XENIX
XENAKIS,XENIA,XENIX,XEROX,XHOSA,XEBEC,XENIA,XERXES,XHOSA
XEROXED,XEROXED,XEROX,XHOSA,XEROXING,XANTHUS,XANTHUS,XEROXED,XENAKIS
XEROXED,XENAKIS,XHOSA,XEROXES,XEROXES,XENIX,XAVIER,XEROXES,XEROX
XEROXED,XEROXED,XENIA,XEROXED,XEBEC,XEROXED,XHOSA,XERXES,XEROXES
XEROXING,XERXES,XEROX,XEROXES,XENIA,XENIX,XENIA,XHOSA,XENIX
